Description,Date,Time,Link
West End Beltline Farmers Market,Jun 17 2016,4:00 PM - 8:00 PM,http://www.atlantaga.gov/index.aspx?page=658&recordid=8597&returnURL=%2findex.aspx
First Fridays - The Shops Buckhead,Jul 01 2016,6:00 PM - 9:00 PM,http://www.atlantaga.gov/index.aspx?page=658&recordid=8867&returnURL=%2findex.aspx
The AJC Peachtree Road Race,Jul 04 2016,5:00 AM - 1:00 PM,http://www.atlantaga.gov/index.aspx?page=658&recordid=8391&returnURL=%2findex.aspx
4th On the Square,Jul 04 2016,7:00 AM - 1:00 PM,http://www.atlantaga.gov/index.aspx?page=658&recordid=8913&returnURL=%2findex.aspx
9th Annual Chastain Park July 4th Parade,Jul 04 2016,11:00 AM - 12:00 PM,http://www.atlantaga.gov/index.aspx?page=658&recordid=8845&returnURL=%2findex.aspx
Lenox Square July 4th,Jul 04 2016,12:00 PM - 11:30 PM,http://www.atlantaga.gov/index.aspx?page=658&recordid=8681&returnURL=%2findex.aspx
AJC Peachtree Road Race,Jul 04 2016,1:00 PM - 6:00 PM,http://www.atlantaga.gov/index.aspx?page=658&recordid=8824&returnURL=%2findex.aspx
5K Gallery,Jul 09 2016,8:00 AM - 10:00 AM,http://www.atlantaga.gov/index.aspx?page=658&recordid=8739&returnURL=%2findex.aspx
*Private Event*,Jul 09 2016,10:00 AM - 10:00 PM,http://www.atlantaga.gov/index.aspx?page=658&recordid=8806&returnURL=%2findex.aspx
Private Event,Jul 09 2016,1:00 PM - 5:00 PM,http://www.atlantaga.gov/index.aspx?page=658&recordid=8703&returnURL=%2findex.aspx
